Planet 1,90849,-20619,12550,-4610,4.82342E+19
Planet 2,99372,43709,-68128,33454,4.41126E+19
Planet 3,-46333,45025,79676,-77863,9.55588E+19
Planet 4,-65223,-23929,-43687,23524,6.84194E+19
Planet 5,-31527,-56938,-94919,5909,5.03967E+19
Planet 6,72892,12275,10535,64522,2.2129E+19
Planet 7,9733,-36865,-16898,37782,5.61698E+19
Planet 8,38359,83454,61696,50922,1.71773E+19
Planet 9,1207,18748,-75672,10091,2.44677E+19
Planet 10,-90149,-70300,97626,71421,7.61601E+19
Planet 11,-13625,-48814,25258,38237,6.13377E+19
Planet 12,-54906,7262,-62732,21920,3.04444E+19
Planet 13,9206,80772,4821,-73538,9.14303E+19
Planet 14,41161,96955,18038,-86146,9.55864E+19
Planet 15,-84182,-53173,9947,78929,6.56863E+19
Planet 16,-57568,51419,-92408,-2373,3.06421E+19
Planet 17,72905,42732,6343,8868,6.89731E+19
Planet 18,-71306,-70624,-16076,98999,3.72759E+19
Planet 19,10372,-8183,-67355,26868,7.95449E+19
Planet 20,45838,-28571,83546,-91892,7.17688E+17
Planet 21,-32490,43151,50834,-809,8.34077E+19
Planet 22,68087,-66345,-95093,-58993,6.79509E+19
Planet 23,-91674,12680,5837,62868,1.72694E+19
Planet 24,70903,-31582,-15494,-80447,7.33826E+19
Planet 25,60167,-16539,-81045,43137,8.91972E+18
Planet 26,93393,-89816,80613,92937,7.61118E+19
Planet 27,-31280,-769,-55713,66565,6.36844E+19
Planet 28,-68592,36046,12730,30128,7.61341E+19
Planet 29,29324,9330,20494,-14310,3.43491E+18
Planet 30,20690,-65545,-9265,-7872,9.48729E+19
Planet 31,-32713,10162,-31487,8301,2.43245E+19
Planet 32,-82310,-56855,-15226,341,8.55392E+19
Planet 33,34161,-91372,-38282,-94401,2.85408E+19
Planet 34,-42225,-58983,-61826,38765,7.83765E+19
Planet 35,-83554,-98983,-87316,-40735,2.19561E+19
Planet 36,-94087,-72281,-26787,-10114,7.52938E+19
Planet 37,23598,-52201,56387,-2315,6.21526E+19
Planet 38,-23915,-8021,-86380,33155,8.99514E+19
Planet 39,-4716,-27720,73366,-49417,4.14765E+19
Planet 40,-70954,-2822,-6151,43492,3.74191E+19
Planet 41,-32412,77885,10921,85178,1.3609E+19
Planet 42,96554,7580,-42192,92173,1.56912E+19
Planet 43,73655,-63710,-63902,10801,6.51122E+18
Planet 44,51773,5307,46609,25067,1.87236E+19
Planet 45,-22350,-8639,26451,-70535,2.84846E+19
Planet 46,-18279,-55157,-41878,97618,8.92337E+19
Planet 47,-12071,-21809,-17624,46904,5.80678E+19
Planet 48,75706,69843,32261,62455,7.78434E+19
Planet 49,-67956,18202,-42191,56044,3.9987E+19
Planet 50,-47895,94656,-45417,50873,5.6136E+19
Planet 51,44032,34888,-86857,13970,5.6858E+19
Planet 52,68264,80018,37885,-20966,1.58043E+19
Planet 53,-16165,95217,-43278,79879,2.91299E+19
Planet 54,-1970,59142,-32884,-75944,2.58392E+19
Planet 55,-44762,95748,13875,-96080,7.86609E+19
Planet 56,-94326,-69514,-21045,45047,2.17289E+19
Planet 57,56890,24737,19949,12792,3.5161E+19
Planet 58,30110,-27392,87643,-36518,7.7082E+19
Planet 59,9070,35733,-45415,95993,9.48489E+19
Planet 60,2485,-77848,87347,85656,5.19626E+19
Planet 61,-64168,-15869,-99901,-96682,2.48315E+19
Planet 62,-70088,-99079,56245,86831,3.79691E+19
Planet 63,69121,-3383,13466,-30492,7.85442E+18
Planet 64,23294,-74063,45173,-11589,3.67649E+19
Planet 65,-78024,-83576,-19959,-18107,5.56392E+19
Planet 66,-21820,-94602,-7589,-34883,8.09718E+19
Planet 67,-34349,66294,15336,8062,6.55648E+19
Planet 68,90014,36907,-43795,12284,9.66349E+17
Planet 69,29524,-24161,91804,85214,1.58649E+19
Planet 70,-58172,9055,-79732,60901,6.77709E+19
Planet 71,-47037,-61090,-10867,13160,1.48031E+19
Planet 72,13813,-97622,-44692,90204,7.5057E+19
Planet 73,87881,-49157,47635,99338,8.7997E+19
Planet 74,77333,-6164,67473,43851,6.36673E+19
Planet 75,69744,46635,19352,74092,4.51886E+19
Planet 76,-43943,-3379,58774,36544,4.20939E+19
Planet 77,32985,99738,-90042,96148,8.21801E+19
Planet 78,-84367,32391,-5560,-89166,4.16269E+19
Planet 79,95101,59850,37036,-64764,4.52034E+19
Planet 80,-18118,51211,-74653,-36784,4.9648E+19
Planet 81,91750,87399,-77533,-22090,9.50129E+19
Planet 82,33869,-9459,-49450,15218,8.33813E+18
Planet 83,-21955,65261,14935,94930,3.48131E+19
Planet 84,-24181,-23400,45016,-90673,3.38356E+19
Planet 85,-21661,-35431,-91857,-12183,5.43125E+18
Planet 86,43772,-59207,-47085,-77407,3.14656E+19
Planet 87,70440,-97578,-87425,-29331,1.63644E+19
Planet 88,-13374,46480,-98864,57732,7.547E+19
Planet 89,3431,-33396,32976,66920,2.39737E+19
Planet 90,-29002,-93434,42299,24615,9.07883E+19
Planet 91,-21224,-68724,51708,21645,9.29671E+19
Planet 92,44257,-81032,-55925,61633,2.15129E+19
Planet 93,-25656,-98395,93402,-67660,3.48146E+19
Planet 94,-55811,-72627,70818,84948,5.22296E+18
Planet 95,41020,13971,99437,28900,7.8946E+19
Planet 96,30429,53090,-16957,-73175,7.40405E+19
Planet 97,-98799,3347,-3609,-86660,5.91589E+19
Planet 98,53208,78036,-85867,65363,1.78466E+19
Planet 99,18277,42745,2639,-56901,6.82332E+19
Planet 100,23350,845,-52107,-39411,1.16923E+19
Planet 101,-69060,-78570,-27795,-44310,4.85789E+18
Planet 102,-90208,-1627,-39430,-12177,9.05887E+19
Planet 103,-43241,-82765,32234,-56501,5.1023E+19
Planet 104,51872,-78256,-40478,-27208,2.71112E+19
Planet 105,-88945,-45709,-33499,59624,2.96714E+19
Planet 106,29506,-68576,-15859,-14318,1.75166E+19
Planet 107,-64781,-33990,-87894,-24354,9.53502E+19
Planet 108,15199,28035,23136,95301,2.93692E+19
Planet 109,18506,56537,-84444,-85056,2.64912E+19
Planet 110,-25704,86390,70917,78087,2.11681E+19
Planet 111,32163,-70155,-21083,36528,8.91464E+19
Planet 112,18198,91719,40579,18785,5.88703E+18
Planet 113,72652,87491,86477,8403,1.61237E+19
Planet 114,-89000,-31331,50237,13065,1.17658E+19
Planet 115,93795,-69807,37830,14762,2.95643E+19
Planet 116,72775,12741,37799,76571,1.90154E+19
Planet 117,-86270,-3326,-49338,47253,3.16068E+19
Planet 118,-10974,27020,-29181,73303,2.13546E+19
Planet 119,10029,-83737,14117,14718,3.58424E+18
Planet 120,-31994,74541,-15550,-41720,3.58302E+19
Planet 121,-78324,8439,-46669,-27711,7.02027E+19
Planet 122,-88303,83737,77624,-92562,9.77761E+19
Planet 123,73420,-64501,93111,-57945,5.3462E+19
Planet 124,51482,-95899,-71089,90816,5.4838E+18
Planet 125,-86791,24092,43110,31663,8.21742E+19
Planet 126,95813,-87810,-29686,-35930,8.4016E+19
Planet 127,48280,-95909,16359,-83121,2.45326E+19
Planet 128,51949,42069,-10456,-10959,8.12476E+19
Planet 129,59712,98355,10648,31535,4.2782E+19
Planet 130,-98909,58449,96641,-65885,9.09979E+19
Planet 131,81736,-77667,-65040,89471,4.66479E+19
Planet 132,-71160,-35133,-45394,-54502,3.32975E+19
Planet 133,24560,12890,10105,91085,4.95307E+18
Planet 134,-72713,-1961,-65875,63166,7.88098E+19
Planet 135,-75321,88177,-3439,58320,6.29831E+19
Planet 136,19601,18941,45803,48902,3.16147E+19
Planet 137,53638,19705,18947,49486,9.60562E+19
Planet 138,-50652,-25306,23667,-34507,4.6761E+19
Planet 139,89093,-7355,-69315,-40711,6.14685E+18
Planet 140,-84917,-53330,-418,19457,8.75938E+18
Planet 141,-34375,18895,29183,37029,8.20118E+19
Planet 142,36806,91890,46215,-80010,4.69483E+18
Planet 143,-5034,-29236,-92546,-59335,8.30617E+19
Planet 144,49373,59438,-65156,-99796,7.28937E+19
Planet 145,90004,35554,-54478,56950,9.45401E+19
Planet 146,-87896,-2309,-44819,-3945,2.62798E+19
Planet 147,27734,50928,-80714,-36259,9.7816E+19
Planet 148,18850,71489,32086,-51453,2.57452E+19
Planet 149,-77790,-33366,-81424,7138,4.6995E+19
Planet 150,-65053,-41991,-70436,-16329,5.34746E+18
Planet 151,-26890,21631,-18105,-41891,7.25331E+19
Planet 152,-55921,68720,-86794,-60884,7.72067E+19
Planet 153,-41879,65003,16161,20864,8.60629E+19
Planet 154,-65323,-85254,10231,48318,5.35887E+19
Planet 155,-58597,-21790,-27513,18086,3.42256E+19
Planet 156,31335,76389,-55128,-83225,2.62452E+19
Planet 157,-8759,80221,2689,-18673,4.8108E+19
Planet 158,-38315,27565,87449,-94866,9.0365E+19
Planet 159,-9053,-97830,7990,-42376,6.09062E+19
Planet 160,50524,36572,-92703,-88044,3.96048E+18
Planet 161,28192,21085,-9656,-17574,8.65996E+19
Planet 162,-60187,-1623,54764,-75920,4.81352E+19
Planet 163,-26163,-41369,59653,98558,7.17906E+19
Planet 164,-47675,20725,-48826,-12107,3.98964E+18
Planet 165,17420,34811,69238,-2629,8.54561E+19
Planet 166,97618,-40874,58349,8288,5.73153E+19
Planet 167,-92114,59053,-13486,68086,3.27279E+19
Planet 168,-76590,-47384,-52902,-56304,8.00122E+19
Planet 169,38127,18502,25023,-64093,5.62797E+19
Planet 170,-53402,37372,82372,-92944,2.14642E+18
Planet 171,70371,-96945,-30730,19854,4.46799E+19
Planet 172,1310,-52006,-10810,-12114,8.57149E+19
Planet 173,32334,-92569,59766,89529,8.15115E+19
Planet 174,-48783,-28681,-83637,27280,1.22115E+19
Planet 175,3493,35794,52134,-24903,6.89803E+19
Planet 176,62682,-76915,41194,-32369,8.68443E+19
Planet 177,32793,77390,-10385,26294,8.13382E+19
Planet 178,3440,18327,85393,53325,9.74532E+19
Planet 179,-81753,-48494,-89102,-41775,6.2571E+19
Planet 180,-12189,58334,92409,11431,6.77308E+19
Planet 181,99104,72820,30860,-3426,7.17885E+19
Planet 182,11853,9689,23245,46815,4.45745E+19
Planet 183,-23123,-62487,88071,-1661,3.29815E+19
Planet 184,-27804,76906,4714,-25338,2.82297E+19
Planet 185,-72262,-3607,-93726,69680,9.50827E+19
Planet 186,-65004,-79201,-7683,-39927,3.96276E+17
Planet 187,57932,65928,72468,-5943,2.51633E+19
Planet 188,-99984,-40697,94197,37167,2.65467E+19
Planet 189,4842,-96231,8227,52010,4.00089E+19
Planet 190,-2251,86416,73620,51139,6.27929E+19
Planet 191,61480,-84637,-36280,38741,8.79358E+19
Planet 192,-51956,53938,-90527,-34762,6.23043E+19
Planet 193,-42119,32374,-88120,-83530,3.77462E+19
Planet 194,-71705,58973,11432,2536,7.72708E+19
Planet 195,-71399,78584,-25527,19406,4.13106E+19
Planet 196,-83475,-87657,-98428,46128,1.18171E+19
Planet 197,55612,-14537,55579,15087,2.46604E+19
Planet 198,69034,-35094,27084,-21401,7.60771E+19
Planet 199,-96672,4539,-31016,46266,1.7037E+19
Planet 200,-64014,-3759,25274,-47729,8.59873E+19
Planet 201,45535,87722,17759,-2710,9.03541E+19
Planet 202,40026,8917,82321,-84271,9.52851E+19
Planet 203,-87369,-37345,-78361,39749,1.57107E+19
Planet 204,-34428,-3824,54144,1325,6.40608E+19
Planet 205,95551,-38868,-54483,52048,7.97715E+19
Planet 206,52271,76894,-30389,-60673,7.28467E+19
Planet 207,-42740,-22313,-12279,86518,1.71697E+19
Planet 208,77313,80251,-14892,24655,9.28069E+19
Planet 209,21248,-50094,-65825,99715,9.76133E+19
Planet 210,62773,63431,-53168,17707,7.44139E+19
Planet 211,-81914,77026,24844,6715,2.67129E+19
Planet 212,-64421,91919,-38041,12542,8.60237E+19
Planet 213,-81271,69335,93729,-78320,1.85449E+19
Planet 214,88303,57994,-45012,15058,9.78125E+19
Planet 215,-45762,9717,2834,8149,4.12292E+19
Planet 216,-4772,5305,91248,-24532,5.57502E+19
Planet 217,-18840,87808,44066,-44348,2.74568E+19
Planet 218,34986,86697,43404,9560,2.96124E+19
Planet 219,43681,-14483,47443,23967,5.53794E+19
Planet 220,-35300,42093,-8510,78004,8.70143E+18
Planet 221,-14630,8310,89791,71137,2.23629E+19
Planet 222,46593,-67476,-56038,8707,9.3564E+19
Planet 223,86997,86352,-13492,23409,6.18374E+19
Planet 224,74093,-16155,40944,32192,1.74159E+19
Planet 225,-12087,24617,935,-45082,5.68655E+19
Planet 226,99150,-99714,82046,-67574,8.82629E+19
Planet 227,-95834,-68758,-78676,-329,6.8781E+19
Planet 228,-67132,65329,-84644,-96020,6.98908E+19
Planet 229,51865,-52267,1752,91548,8.4156E+19
Planet 230,-3781,-89338,99042,-36180,3.51395E+19
Planet 231,21840,85227,32684,40595,5.11275E+19
Planet 232,-30930,-27778,-88187,16864,9.73703E+19
Planet 233,-53897,68485,57914,69380,8.18553E+19
Planet 234,48794,-31332,-92953,49860,5.80992E+19
Planet 235,-12948,-83443,11820,-96159,4.8548E+19
Planet 236,-35608,95022,-98656,-85172,9.12626E+19
Planet 237,13274,48741,15572,8568,2.99673E+19
Planet 238,39519,-7220,19138,-53004,4.31765E+19
Planet 239,99189,25476,45097,-73093,1.07356E+19
Planet 240,45105,38094,-99920,-95627,7.38398E+19
Planet 241,-27285,98071,-27294,-55092,6.25806E+19
Planet 242,63623,-60465,64425,21025,3.67708E+19
Planet 243,17935,-18875,93909,-48253,3.63121E+19
Planet 244,-57688,-48781,84742,60201,1.43634E+19
Planet 245,-51431,86002,-44440,-99258,1.48535E+19
Planet 246,-25131,-31273,30172,81521,4.54166E+19
Planet 247,73688,-74235,90884,46230,7.36933E+19
Planet 248,-94952,-73832,-35369,78716,7.95132E+19
Planet 249,-31480,92773,94516,-26136,5.95478E+19
Planet 250,-23592,98176,-86908,28859,3.43314E+19
Planet 251,77211,-39546,-32379,-54743,5.53382E+18
Planet 252,90843,83479,-52071,34994,7.94116E+19
Planet 253,-46279,-3503,39392,-78246,8.32547E+19
Planet 254,-29436,-60594,-7488,17504,4.74121E+19
Planet 255,-4305,71032,7583,74246,9.63674E+19
Planet 256,39183,-70224,-1030,27995,1.30934E+19
Planet 257,-62535,86559,90246,61579,7.68289E+18
Planet 258,-5800,-12395,66118,17556,4.09319E+19
Planet 259,-21416,-770,21577,98303,9.58426E+19
Planet 260,-38193,-35108,48636,85246,8.3764E+19
Planet 261,-91276,-985,-46513,-71303,2.55638E+19
Planet 262,-90361,-47731,-81337,80397,5.35544E+19
Planet 263,-43205,-16457,-95998,85555,8.11962E+19
Planet 264,-99197,34971,54329,-96032,4.72349E+18
Planet 265,63539,26163,11177,85598,2.23915E+19
Planet 266,-65089,55233,-34244,-41314,8.14205E+19
Planet 267,-23686,-67174,-72308,93285,7.10947E+19
Planet 268,-42658,-46719,-23743,697,8.52895E+19
Planet 269,-19445,10080,-58711,47422,6.53138E+19
Planet 270,59638,41869,-52673,-43657,6.62042E+19
Planet 271,-91657,33895,67379,-88978,9.88697E+19
Planet 272,-27221,-30017,33333,81883,1.88086E+19
Planet 273,62647,50725,-95791,77702,9.34612E+18
Planet 274,-89720,55885,33912,-9404,7.13481E+19
Planet 275,-5784,60840,-52565,-32136,1.66968E+19
Planet 276,68899,8973,61984,50893,1.11306E+19
Planet 277,-53256,-99107,69444,12228,7.20261E+19
Planet 278,85978,-7577,-32728,-13955,7.92081E+19
Planet 279,-7689,87125,43093,25422,5.22032E+19
Planet 280,50805,87487,52462,-27184,6.60727E+19
Planet 281,-67288,-73242,-50396,-69231,7.94164E+19
Planet 282,75723,-59343,-26170,-74874,8.7419E+18
Planet 283,38364,23408,-61278,55,8.43829E+19
Planet 284,90458,33922,-61737,-4675,4.56085E+18
Planet 285,20863,8414,-59795,-53856,4.94638E+19
Planet 286,-97466,-71865,39867,-1465,9.2311E+19
Planet 287,-72920,-84821,24934,43087,6.48107E+19
Planet 288,-96000,-68443,-6387,16808,4.17655E+19
Planet 289,26541,31057,71734,-15252,7.62977E+19
Planet 290,-79832,41065,-91884,73799,7.0207E+19
Planet 291,-19593,19725,-82413,74665,1.01573E+18
Planet 292,-72692,-86275,24037,-30634,7.79311E+19
Planet 293,66413,-9443,-14576,-20093,5.02224E+19
Planet 294,85163,17650,57288,-38011,4.60534E+19
Planet 295,25991,51920,43531,-46388,1.18676E+19
Planet 296,-33946,3492,-27074,61187,7.82235E+19
Planet 297,399,60472,78853,18576,2.25395E+19
Planet 298,66084,-9149,-44364,89828,7.96838E+19
Planet 299,-37798,63679,18645,40291,4.30089E+19
Planet 300,88002,99545,43150,57691,2.05469E+19
Planet 301,3479,50095,59129,-21797,1.48705E+19
Planet 302,17502,13504,94743,68759,7.92048E+19
Planet 303,34873,99525,-28827,-76569,3.76846E+19
Planet 304,-21981,39093,-24160,-88166,2.01486E+19
Planet 305,7195,-39766,-85935,82815,3.54369E+19
Planet 306,-12396,98713,-34280,-63478,5.19903E+19
Planet 307,99183,-44361,58718,97805,4.34637E+19
Planet 308,-25029,84066,-9686,75768,1.2603E+19
Planet 309,90349,10955,-57677,69256,4.59478E+19
Planet 310,-35046,92630,-1288,86703,2.38046E+18
Planet 311,-61129,26721,-20476,82361,3.06347E+19
Planet 312,76774,15140,67837,9025,4.97887E+19
Planet 313,94081,-23304,-4000,-54521,2.43573E+19
Planet 314,62481,58846,98169,63303,4.29955E+18
Planet 315,53028,-91095,-32559,-40872,8.57912E+19
Planet 316,-94567,84826,59365,-74531,4.96246E+19
Planet 317,81133,90932,-64925,-63288,9.35651E+19
Planet 318,-25506,-28597,71567,85605,4.81417E+19
Planet 319,91494,-79060,48532,-78533,7.92215E+19
Planet 320,62735,51940,-75663,-404,8.00178E+19
Planet 321,9504,52097,-95336,-69157,6.06704E+19
Planet 322,-78340,-7297,-76527,59245,3.73495E+18
Planet 323,-4974,98292,54237,-2438,1.49623E+18
Planet 324,-43154,-18835,-50446,-50583,2.35199E+19
Planet 325,-86141,-82441,-61368,-89390,3.33735E+19
Planet 326,6730,-69219,70745,-67097,1.21941E+19
Planet 327,82450,-87470,18665,78578,9.24581E+19
Planet 328,56889,24630,-6976,-21598,2.47155E+19
Planet 329,24593,97726,18129,-30599,4.46136E+19
Planet 330,-47559,68656,-86190,-6805,8.78422E+19
Planet 331,-76619,15058,64845,49529,3.61284E+19
Planet 332,-90216,-89022,-15571,71206,3.4184E+18
Planet 333,59715,66050,61261,78553,7.59219E+19
Planet 334,-32811,-43152,45255,-15178,3.70792E+19
Planet 335,2708,-20836,96324,66,6.60823E+18
Planet 336,49039,14054,89606,-13983,6.52342E+19
Planet 337,72180,-52437,29453,54751,3.34514E+19
Planet 338,-99765,84120,36388,-61408,7.96608E+19
Planet 339,41266,7253,2983,-49794,4.14831E+19
Planet 340,99332,36390,37477,-38339,6.71184E+19
Planet 341,72986,-87602,-3879,11408,9.09732E+19
Planet 342,-97107,68657,-18589,76035,9.53169E+18
Planet 343,-13146,-1691,40903,32996,7.60468E+19
Planet 344,-23628,-7904,-41822,25476,5.27739E+19
Planet 345,85069,-88913,27195,-72385,6.50296E+19
Planet 346,-28182,6699,35681,-94407,6.48179E+19
Planet 347,70554,-79092,-87644,-34492,8.97261E+19
Planet 348,-59989,93131,-2801,-94089,1.98702E+19
Planet 349,-86662,40731,42328,-60642,3.54998E+19
Planet 350,-18146,-97695,-75701,32933,6.61744E+19
Planet 351,-72950,-775,52209,59234,8.57761E+19
Planet 352,26320,96744,57170,-32832,4.06403E+19
Planet 353,-51365,8847,-52099,90849,8.20911E+19
Planet 354,-13159,-19449,-6128,-62796,6.37479E+19
Planet 355,-71111,2130,-41322,75753,8.49846E+18
Planet 356,-87471,16139,60572,93486,8.0858E+19
Planet 357,94121,27585,-68523,7151,7.17725E+19
Planet 358,8757,79675,88554,75983,1.12083E+19
Planet 359,-83697,11149,92433,-58936,2.93908E+19
Planet 360,-53011,94676,-65770,87514,9.20592E+18
Planet 361,21185,86161,-25065,18789,2.93253E+18
Planet 362,-35620,-44295,-9944,-56399,6.85656E+19
Planet 363,-5072,-80742,-33322,40571,6.58159E+19
Planet 364,-41854,-68024,82095,-85568,6.78266E+19
Planet 365,82371,-76195,43780,9061,8.4918E+19
Planet 366,-38772,-27358,-88830,8189,6.4555E+19
Planet 367,39397,-20659,-99240,63405,9.57887E+18
Planet 368,-4188,89424,-33204,-8500,6.09744E+19
Planet 369,66173,-14228,-81367,-19296,3.59044E+19
Planet 370,-79293,53012,81327,-78136,5.05866E+19
Planet 371,-79513,-94095,20528,-20228,7.04224E+19
Planet 372,16353,-44864,-77672,20248,4.32297E+19
Planet 373,-51763,-35725,-56960,73078,9.00439E+19
Planet 374,-98016,42069,32077,29022,7.7537E+19
Planet 375,41719,-51435,-59935,20347,7.91123E+19
Planet 376,50851,6948,40638,56105,1.68382E+19
Planet 377,-87455,31562,-58583,-67409,2.55704E+18
Planet 378,18044,-45552,-24209,-66561,2.50554E+19
Planet 379,34476,-39758,-40481,7906,8.5624E+19
Planet 380,-605,46018,-56862,96873,8.43195E+18
Planet 381,-62471,-25030,36156,16200,5.52006E+19
Planet 382,24786,20043,-95436,25300,9.61543E+19
Planet 383,98736,41864,-53513,9602,2.36095E+19
Planet 384,89960,-57741,82561,26409,5.75667E+18
Planet 385,37166,-24752,79964,35924,3.90611E+19
Planet 386,60831,-90223,74095,15552,3.34955E+19
Planet 387,97545,-78084,27745,-24073,2.83492E+19
Planet 388,70404,-41803,-94959,-59994,8.92682E+19
Planet 389,15169,-60848,-72670,-31430,2.74287E+19
Planet 390,94545,62584,55324,-40346,4.03748E+19
Planet 391,77716,97866,70606,65830,4.13554E+18
Planet 392,57874,22313,64723,29945,1.31945E+19
Planet 393,63637,-67369,-27995,15152,8.08391E+19
Planet 394,95209,45453,58243,-30996,4.06403E+19
Planet 395,86839,47852,15518,76733,2.79093E+19
Planet 396,80302,-62675,68375,67631,9.68168E+19
Planet 397,-4936,-35486,-21668,54876,6.39176E+19
Planet 398,-39617,65287,64035,-77414,1.26638E+19
Planet 399,-70843,-93071,77943,1267,4.86568E+19
Planet 400,18546,33974,-84344,-38605,6.16295E+19
Planet 401,28836,71335,54749,86060,6.82418E+19
Planet 402,-3997,23324,-93069,-10804,4.26471E+18
Planet 403,-22040,31099,-73792,-64539,6.18896E+19
Planet 404,24974,93365,-55551,-66115,2.20658E+19
Planet 405,-5507,-20970,-70003,-38544,9.33374E+19
Planet 406,49167,31736,33236,-12253,5.25306E+19
Planet 407,87878,-53757,-29139,-82644,5.06006E+19
Planet 408,15675,-50409,38603,-38719,4.33491E+19
Planet 409,54749,-12718,58955,-66129,1.25239E+19
Planet 410,-84256,17216,89400,-71258,3.21564E+19
Planet 411,-19010,67522,9771,9706,5.18779E+19
Planet 412,60078,72064,-82321,40232,4.45847E+19
Planet 413,-5965,15013,65385,-61413,9.00743E+19
Planet 414,-99494,60409,35306,-90788,9.96165E+19
Planet 415,99603,25283,-74964,51409,7.28592E+19
Planet 416,-25734,-16623,89288,-10785,6.52243E+18
Planet 417,80991,13514,-25417,56372,8.97549E+19
Planet 418,-3341,-69491,29106,-49493,7.01974E+19
Planet 419,10376,-58207,42594,39073,2.49513E+19
Planet 420,-31038,35514,75251,-42570,2.65546E+19
Planet 421,11633,-70279,31098,61882,9.40818E+19
Planet 422,37417,54549,-18895,62360,9.90506E+19
Planet 423,-73547,86359,-29993,-15570,5.87039E+19
Planet 424,-82486,15803,2597,-76375,4.19055E+19
Planet 425,89700,-17801,55347,-65156,5.45614E+19
Planet 426,-93997,47419,-15087,-42918,3.7472E+19
Planet 427,35849,-46947,-98183,-61878,5.05071E+19
Planet 428,27992,33453,-50545,60955,6.59752E+19
Planet 429,-41878,90702,97275,41117,6.86178E+19
Planet 430,-20660,-31148,73739,-71215,2.57767E+19
Planet 431,7332,-95501,71236,-2359,1.37542E+19
Planet 432,76487,55577,-17775,70802,8.42286E+19
Planet 433,-60337,72808,-60780,25712,9.14602E+19
Planet 434,49249,9424,35802,-28492,6.64538E+17
Planet 435,80463,-87940,-93605,-39087,1.86698E+19
Planet 436,-58915,-67397,64072,57603,1.17929E+19
Planet 437,-32781,-98073,21294,77740,1.53834E+19
Planet 438,39710,-8748,73545,-55959,5.63488E+19
Planet 439,-26900,42708,85707,58828,3.94942E+19
Planet 440,-70272,-61116,-69349,-49268,4.76151E+19
Planet 441,96613,-6825,61288,-14012,3.25787E+19
Planet 442,57771,86244,-95617,23758,4.31212E+19
Planet 443,37089,878,-87126,44519,6.88964E+19
Planet 444,36208,-74830,-83324,-12676,2.69651E+19
Planet 445,54929,56805,66328,7021,6.58834E+17
Planet 446,51735,-94762,-6330,95720,1.14318E+19
Planet 447,-49920,-55039,32698,73835,2.75418E+19
Planet 448,-28860,-36636,-66607,55412,3.28154E+19
Planet 449,69352,-62319,9735,-41948,6.34885E+19
Planet 450,-35723,39886,69151,9508,2.87179E+19
Planet 451,68443,12217,2781,-21131,5.06116E+19
Planet 452,45072,-65828,69251,-35128,5.81792E+19
Planet 453,67870,-14090,-26592,-2066,6.99812E+19
Planet 454,-28246,8115,22926,83703,9.06341E+19
Planet 455,-70933,-4756,58199,-96740,6.92394E+19
Planet 456,-45489,25337,63005,26610,9.14873E+19
Planet 457,-59755,-67265,59324,-51436,1.4375E+19
Planet 458,88896,-53,34915,1414,3.95841E+19
Planet 459,-9035,21402,-87675,56881,7.47755E+19
Planet 460,-33587,-84037,23937,-35286,4.64073E+19
Planet 461,69835,87931,70293,-94598,7.83762E+19
Planet 462,-44744,53781,22852,41268,5.56951E+19
Planet 463,-57274,-25313,56303,4541,5.83509E+19
Planet 464,-21355,4312,-20576,83318,4.88028E+19
Planet 465,-27090,-44307,1843,-13651,2.26757E+18
Planet 466,81250,-27510,25336,-54056,9.69258E+19
Planet 467,-2217,16122,-72870,-89463,1.61872E+19
Planet 468,-96218,10369,85713,-30478,7.51781E+19
Planet 469,-46791,43113,-51613,-62940,4.85567E+19
Planet 470,8763,84208,-68531,31989,5.47499E+19
Planet 471,-50810,84264,-67154,15299,2.07221E+19
Planet 472,-28846,-13902,37524,-45785,9.75718E+19
Planet 473,-72321,39186,76128,11404,2.86962E+19
Planet 474,-8552,-92290,-60004,-671,8.67431E+19
Planet 475,-53970,7057,-82129,-86034,6.239E+18
Planet 476,-93293,2584,-36907,-42792,9.12711E+19
Planet 477,76437,-58191,-60769,43018,7.6936E+19
Planet 478,-30839,-94072,60593,-62307,9.45995E+19
Planet 479,-31677,-30591,93450,-5439,9.30378E+19
Planet 480,-18006,18932,-95572,-52712,3.61839E+19
Planet 481,56051,10735,91782,-47486,8.83754E+19
Planet 482,-14040,92178,-95996,-83337,7.01385E+19
Planet 483,88645,48420,-12569,56827,7.61875E+19
Planet 484,-42262,26082,-68694,70951,4.49061E+19
Planet 485,-62345,-72580,-31369,-56296,2.42107E+19
Planet 486,65836,-59611,65534,68489,6.54355E+19
Planet 487,78276,88122,55277,-24363,1.23866E+19
Planet 488,-43854,91238,-94459,33990,8.30355E+19
Planet 489,-32953,-34950,33202,67483,3.11599E+19
Planet 490,65203,32519,5253,36511,7.42861E+19
Planet 491,9896,38275,-91393,30334,6.14907E+19
Planet 492,23219,-61149,-24068,92677,7.40915E+19
Planet 493,-18770,-49807,91639,-64922,5.19253E+19
Planet 494,81971,49112,-19553,-88210,3.39228E+19
Planet 495,-71944,36355,29271,15644,4.17505E+19
Planet 496,43625,-80323,14396,58991,2.04051E+19
Planet 497,-9300,86289,55317,56111,4.33509E+19
Planet 498,26252,36949,94512,-7139,9.49303E+19
Planet 499,61530,65373,29430,-43392,4.51581E+19
Planet 500,-15850,-9800,92557,79315,8.24983E+19
Planet 501,50451,41815,-93175,95531,2.76118E+19
Planet 502,-93459,-38308,91979,44416,6.73371E+19
Planet 503,14764,-89024,3036,3761,1.21582E+19
Planet 504,22790,80912,-31319,-1522,1.13062E+19
Planet 505,95135,-51783,-24016,-2472,8.94953E+19
Planet 506,86188,-2733,60226,-9237,3.82554E+19
Planet 507,-76269,17819,12281,17054,8.84182E+19
Planet 508,-92094,8318,74311,61014,6.16059E+19
Planet 509,-12992,34835,-32850,-29104,7.57365E+19
Planet 510,-39381,-34563,24022,16645,4.18269E+19
Planet 511,-49234,50958,67230,41450,1.01232E+19
Planet 512,-30507,-78087,-36581,97148,1.33814E+19
Planet 513,42704,63632,53337,45521,5.8647E+19
Planet 514,-31753,37702,30182,38838,6.88709E+19
Planet 515,26321,32072,5227,90358,8.32147E+19
Planet 516,-93303,-88247,39662,-77141,5.20811E+19
Planet 517,82693,-49366,-1610,42314,6.68848E+19
Planet 518,51758,83536,56408,-47225,9.62313E+19
Planet 519,7817,51957,-18646,-10844,2.99961E+18
Planet 520,32558,20967,90189,-90923,1.92671E+19
Planet 521,80569,-51889,16497,-35769,3.92093E+19
Planet 522,57921,-3451,17491,-58545,4.50001E+19
Planet 523,-51755,-41240,-70674,92213,2.59585E+19
Planet 524,25195,-79439,65927,-33177,9.52877E+19
Planet 525,-17225,65514,-84644,-55096,8.8201E+18
Planet 526,-46473,-17175,1012,84854,2.78706E+19
Planet 527,-97266,58259,-73915,-59857,6.91473E+19
Planet 528,-72189,8260,-69105,89691,9.7809E+19
Planet 529,-31140,-59872,-6175,84591,1.29154E+19
Planet 530,-11030,34681,71895,76037,7.29456E+19
Planet 531,35887,-42150,-39999,-60617,2.82381E+19
Planet 532,71383,-31609,-15340,41086,8.45266E+19
Planet 533,90895,85429,-65380,-97416,1.81337E+19
Planet 534,-67388,-14056,-50635,51581,6.37555E+19
Planet 535,80217,-54237,51607,-65136,8.07474E+19
Planet 536,23969,94341,14865,34278,8.13319E+19
Planet 537,-51784,-56136,-17282,76359,2.94828E+19
Planet 538,82987,74139,68955,73384,6.79362E+19
Planet 539,62404,-18065,58489,49611,9.88657E+18
Planet 540,-63325,39556,3365,96770,3.33073E+19
Planet 541,47869,-38756,57135,25035,6.68295E+19
Planet 542,-4392,86967,33893,59561,7.3379E+19
Planet 543,75423,84810,99263,1242,8.55584E+19
Planet 544,80020,50143,83875,30118,9.0756E+19
Planet 545,-6691,-47855,720,-42019,8.06145E+19
Planet 546,81113,95199,-75968,-83502,4.76168E+19
Planet 547,89411,80083,87936,-57097,2.4663E+19
Planet 548,12146,76107,70253,98486,2.66096E+19
Planet 549,70194,74946,-59083,68897,1.73012E+19
Planet 550,51756,-40321,-59867,-58879,4.79438E+19
Planet 551,-68265,59363,17647,-48847,3.74081E+19
Planet 552,-82396,94789,70630,6118,9.54854E+19
Planet 553,62359,-11587,-97930,-77312,7.72274E+19
Planet 554,-70398,-98963,-70016,46600,9.37676E+19
Planet 555,-23924,47844,-40990,24715,6.73405E+19
Planet 556,77696,64484,-18495,-1546,9.20739E+19
Planet 557,-87141,-57779,86470,45771,5.79258E+19
Planet 558,36111,-94905,61309,-27883,2.47902E+19
Planet 559,-26616,98560,-48797,62862,3.64647E+17
Planet 560,5714,-50379,-18855,-93388,7.96315E+18
Planet 561,-43411,-86869,-83904,-54362,5.05266E+18
Planet 562,36646,-81512,-48447,65760,3.29787E+18
Planet 563,-95317,-66677,8234,-90781,6.23202E+19
Planet 564,1557,61042,-58461,38305,3.41403E+19
Planet 565,72148,-66703,31044,85073,3.84747E+19
Planet 566,41904,42328,97388,22643,7.08344E+19
Planet 567,-420,59831,-70274,-48932,1.25606E+19
Planet 568,-6467,-95045,-96291,-14148,4.75905E+19
Planet 569,-4697,-94050,70780,77165,5.29558E+19
Planet 570,-61110,69072,-42792,-15222,3.44944E+19
Planet 571,74822,29448,-77658,-80208,2.81546E+19
Planet 572,-26391,-43449,-49119,-48253,9.4438E+17
Planet 573,52002,54690,13842,-93129,5.56593E+19
Planet 574,43242,-9479,2865,-17780,3.12043E+19
Planet 575,43757,85423,36595,-50886,1.68812E+19
Planet 576,-55709,-39021,66434,-39672,4.76745E+18
Planet 577,-74193,41671,-99429,86306,8.00022E+19
Planet 578,7405,33374,51219,-23670,5.72033E+19
Planet 579,-4048,-93807,41028,58348,5.48024E+19
Planet 580,1165,-19373,-93643,-8758,7.35907E+18
Planet 581,798,24645,-40404,-30572,3.17647E+19
Planet 582,15238,90010,97889,-13353,4.2642E+19
Planet 583,-49712,70672,72608,-70397,8.61084E+18
Planet 584,96884,-65984,-62246,-41690,8.96142E+19
Planet 585,5939,35019,-6677,-79085,8.10873E+19
Planet 586,-27421,-85172,-47022,-75484,2.2486E+19
Planet 587,27669,86047,95030,38679,5.9539E+19
Planet 588,92145,36432,-66288,-51307,4.34968E+19
Planet 589,-99953,82824,54737,10504,8.50778E+18
Planet 590,-13780,-62515,87532,69238,7.39097E+19
Planet 591,20918,-23796,-89133,-94122,2.92869E+19
Planet 592,-88270,58052,-49723,-45893,6.31837E+19
Planet 593,44120,-74795,-62342,-35838,7.76126E+19
Planet 594,18114,-3519,-25851,88428,1.55076E+19
Planet 595,-85344,-48516,50732,97163,5.4138E+18
Planet 596,-79582,29586,-14996,-64007,7.15574E+19
Planet 597,-68132,40544,3873,36133,4.39862E+19
Planet 598,97826,-12926,-20192,-1861,6.03275E+19
Planet 599,53173,76744,-45549,27982,5.60202E+19
Planet 600,43275,68062,14355,31471,4.54383E+19
Planet 601,49356,-95340,-7739,13537,9.50088E+18
Planet 602,85778,99678,-40792,-43175,8.99389E+19
Planet 603,-99014,40984,-87850,3114,7.18226E+19
Planet 604,46762,33816,82025,62185,8.22389E+19
Planet 605,71099,31578,-27137,80177,2.3059E+19
Planet 606,-9904,-55798,4662,-48705,3.65209E+19
Planet 607,-30069,-4379,15576,-78875,5.21807E+18
Planet 608,11265,61207,25146,37661,2.54087E+19
Planet 609,6855,-42308,27397,-83699,6.31214E+19
Planet 610,-38098,-87273,-29251,23505,8.67379E+19
Planet 611,-87809,51702,70975,86387,6.98748E+19
Planet 612,29021,-91726,74896,-86291,8.75612E+19
Planet 613,18442,-55366,-35409,-379,9.72448E+19
Planet 614,-6043,-83476,-71357,9774,1.01354E+19
Planet 615,36557,-98184,97119,62155,8.39365E+19
Planet 616,-97087,-96074,9390,-51471,4.04577E+19
Planet 617,28800,-96001,-6594,-22447,4.93575E+19
Planet 618,73458,73946,-57876,5688,4.47349E+19
Planet 619,-17837,-47271,-77361,68536,4.77543E+19
Planet 620,93138,90309,87451,13007,8.29626E+19
Planet 621,-17752,-60276,-72106,-98517,8.20563E+19
Planet 622,-91506,-53196,32441,45904,6.97008E+19
Planet 623,44944,29360,-67586,-4080,6.54712E+19
Planet 624,-97384,-19114,-66334,-90959,5.44551E+19
Planet 625,-5445,48194,52621,-61056,4.31339E+18
Planet 626,-33614,-47249,-12191,-78355,3.33577E+19
Planet 627,-17019,80661,-38927,-87365,4.2684E+19
Planet 628,-21882,-79538,-83700,-19410,6.88135E+19
Planet 629,-82003,87490,29163,20628,1.55718E+19
Planet 630,-93259,-20598,31575,-18532,4.18962E+19
Planet 631,80233,27781,-21099,-31154,4.95118E+19
Planet 632,97664,76402,-72484,27174,8.34253E+19
Planet 633,-83612,-59760,91769,22290,7.45032E+19
Planet 634,55639,163,44222,37953,4.8328E+19
Planet 635,15865,-45678,34706,88147,9.71042E+19
Planet 636,-1840,-90156,12832,32304,2.30897E+18
Planet 637,37810,-15769,24743,-23044,3.31218E+19
Planet 638,-22064,74293,-63854,-92964,4.33894E+19
Planet 639,25343,8236,94249,-15741,9.75662E+19
Planet 640,-66480,-28243,39058,-25109,6.06967E+19
Planet 641,-67175,84050,-95730,65180,9.17861E+19
Planet 642,41546,-55818,55664,-58724,8.58009E+18
Planet 643,-81011,-44627,98115,-41312,6.82545E+19
Planet 644,-70161,76046,-50959,-51090,4.67618E+19
Planet 645,32611,-88704,67159,-7959,6.92283E+19
Planet 646,71404,88108,-7677,10123,1.31179E+19
Planet 647,-41899,-86555,-32721,13774,4.65311E+19
Planet 648,-48767,69417,43817,65250,4.83057E+19
Planet 649,-69008,86276,-42343,2226,1.81725E+19
Planet 650,-25709,-43018,-86631,15878,9.91273E+19
Planet 651,-44308,54736,39372,-36664,8.02103E+19
Planet 652,-71475,51164,87402,-63548,8.39403E+19
Planet 653,-27331,-24270,83152,-52064,9.45105E+19
Planet 654,-86113,89020,-63611,13646,8.6766E+19
Planet 655,19802,-97078,78930,-53950,5.50527E+19
Planet 656,39333,-60684,-19756,91514,4.04941E+19
Planet 657,55224,66683,-66772,-33747,1.76984E+19
Planet 658,-10179,65824,86046,26907,8.79758E+18
Planet 659,-75602,50539,62525,30342,9.07278E+19
Planet 660,-40670,-17290,-12501,-34448,4.24665E+19
Planet 661,-21903,-82956,-11851,-97254,9.01977E+18
Planet 662,27004,79072,83825,-14233,5.07924E+19
Planet 663,63670,43323,10694,-32008,1.15573E+18
Planet 664,80165,90427,-18829,-93495,1.32953E+19
Planet 665,-51423,99638,-22750,46408,3.35154E+19
Planet 666,-15755,-1222,21654,13947,1.67003E+19
Planet 667,58479,-22072,30886,-25425,4.50254E+19
Planet 668,-13728,24474,-73691,-18071,5.42787E+19
Planet 669,35875,58966,-83971,23167,1.4091E+19
Planet 670,9624,-27954,80844,31092,9.58001E+19
Planet 671,75292,85729,-30582,-43395,6.62859E+19
Planet 672,61369,-45399,-45810,-71048,4.54473E+18
Planet 673,7990,-67852,-22755,33889,8.94176E+19
Planet 674,-82174,44752,15848,35272,9.28632E+18
Planet 675,68905,-13458,-67127,-89410,8.2887E+19
Planet 676,957,46966,59426,70736,5.3154E+19
Planet 677,27203,-39527,27090,-68763,8.54211E+19
Planet 678,-3156,39352,-39551,-31435,1.97311E+19
Planet 679,47251,-98580,48840,-89062,2.55379E+19
Planet 680,-85296,-99676,-45283,-27466,3.86143E+19
Planet 681,75440,44536,38306,40116,8.03743E+19
Planet 682,17257,94865,-2334,-90868,8.27358E+19
Planet 683,-79523,75574,-76700,78284,2.18527E+19
Planet 684,-46701,66944,-26944,98799,2.92044E+19
Planet 685,-14236,22295,67433,83764,9.58023E+19
Planet 686,36250,-89293,83669,49595,2.54046E+19
Planet 687,98678,-12523,36479,-20200,7.01859E+19
Planet 688,23267,78575,14382,16005,7.02384E+19
Planet 689,-85589,28066,-77786,37989,4.27037E+19
Planet 690,-14477,-86589,75598,-95156,8.63319E+19
Planet 691,76287,-33584,-11218,-97850,4.23926E+19
Planet 692,78693,32011,-54635,-54499,2.7399E+19
Planet 693,61440,34012,-21621,-24303,2.09495E+19
Planet 694,12980,-76018,-9744,-24277,3.79591E+19
Planet 695,75277,21525,33643,-46525,3.60263E+19
Planet 696,65904,-804,-78573,83140,6.50799E+17
Planet 697,-86168,67001,-73125,-59864,7.24435E+19
Planet 698,-94350,-91879,-83752,-64289,7.37636E+19
Planet 699,59853,-70312,-76899,13189,6.78959E+19
Planet 700,-64953,90938,-41965,11365,2.53261E+19
Planet 701,-27754,-88535,55581,-57297,1.9838E+19
Planet 702,81007,-18059,86753,4199,3.65331E+19
Planet 703,40436,60358,-55117,-17709,2.76704E+17
Planet 704,22815,98762,-11737,-86780,1.84524E+19
Planet 705,-79668,-19225,-1399,-42609,2.89767E+19
Planet 706,-16868,-23698,50965,43134,4.07988E+19
Planet 707,15530,19562,-82002,81674,4.44145E+19
Planet 708,-22390,73177,-30905,-46690,3.97334E+19
Planet 709,16834,57074,90651,60400,3.22245E+19
Planet 710,-99433,-40568,87442,76490,3.32531E+18
Planet 711,17047,83229,-39505,83734,7.52692E+19
Planet 712,-75711,-53613,21657,-20529,1.17945E+18
Planet 713,23232,-48950,83964,-48775,7.11086E+19
Planet 714,28848,-12416,-15245,69713,8.06557E+19
Planet 715,-92284,-94915,6393,-27271,7.41846E+19
Planet 716,-98480,39512,-13805,61218,1.79511E+19
Planet 717,92448,71577,-61937,75897,9.58295E+19
Planet 718,-36059,69089,-47642,1326,5.32903E+19
Planet 719,-76332,59872,-68415,33156,9.64486E+19
Planet 720,3962,-11233,15038,53176,5.60305E+19
Planet 721,75141,-35876,47329,3743,3.82775E+19
Planet 722,-81286,-53104,-68300,-56257,5.43967E+19
Planet 723,-84820,-59578,-62972,-92260,8.42666E+19
Planet 724,71505,95445,-75065,-62058,9.99089E+19
Planet 725,80020,-3080,-61644,3839,1.53757E+18
Planet 726,-55837,2331,-53474,-14918,7.95495E+19
Planet 727,-76714,-13615,97229,-3343,3.78699E+17
Planet 728,13040,17818,-45821,15600,5.45629E+19
Planet 729,80513,-29833,33319,73218,2.82913E+19
Planet 730,24356,-49912,-71596,94529,9.19567E+19
Planet 731,-43808,-65923,55760,34811,1.33401E+18
Planet 732,-45657,-35348,82109,69930,1.2926E+19
Planet 733,-76555,19731,84437,-84877,5.1724E+19
Planet 734,-8136,-76548,-72376,87080,3.47982E+19
Planet 735,63030,94510,-65316,-69428,4.80249E+19
Planet 736,-18447,-20334,-83549,-26092,7.98936E+19
Planet 737,37206,-66175,77860,2873,5.30805E+19
Planet 738,27598,-52339,-91379,78697,2.12902E+19
Planet 739,1550,-28958,-93469,23110,5.11089E+19
Planet 740,83100,26,43562,-38872,5.74085E+19
Planet 741,25355,-48021,61938,-9334,2.33549E+19
Planet 742,30335,21155,-54461,45157,3.48536E+19
Planet 743,-74187,-98617,-34255,-21102,4.59719E+19
Planet 744,-39794,-96939,84518,23979,7.40315E+18
Planet 745,-23353,-59543,24795,-49816,3.5922E+19
Planet 746,9331,86529,-34157,-92415,9.95905E+19
Planet 747,-63696,-14627,-75655,4331,2.67883E+19
Planet 748,-35117,-78750,49369,64766,9.13473E+19
Planet 749,18514,-86503,-8601,84863,9.10854E+19
Planet 750,93396,99551,4690,-46368,4.70742E+19
Planet 751,-653,-66396,-77668,74190,3.15513E+17
Planet 752,-90371,47387,12827,-36277,6.48204E+17
Planet 753,-27031,3087,55874,-10535,3.26812E+19
Planet 754,63212,-34012,98572,-17073,1.49049E+19
Planet 755,-10799,-4142,32718,-699,1.00566E+19
Planet 756,16286,-50109,-27428,3645,2.21067E+19
Planet 757,-27578,-35698,-3306,-59345,5.46686E+19
Planet 758,80105,-83658,-80603,-19732,8.20259E+19
Planet 759,46322,29634,-90623,-32430,8.58202E+19
Planet 760,15025,-63236,15786,-64994,5.11226E+19
Planet 761,4247,-73457,89012,-81890,7.86148E+19
Planet 762,33668,31371,41391,88007,5.69724E+19
Planet 763,-43812,-94446,16104,80552,3.90214E+19
Planet 764,-72695,-3689,-36689,34531,9.02187E+19
Planet 765,-57516,69967,90213,-5719,7.42814E+19
Planet 766,-51018,68031,-66365,89509,4.88594E+19
Planet 767,71189,77103,16044,78476,4.80139E+19
Planet 768,-62499,81219,68345,76500,9.57953E+19
Planet 769,87791,937,14338,-57043,4.96255E+19
Planet 770,-24569,24670,-1257,-59786,3.35655E+19
Planet 771,-87930,97463,86030,64097,5.75037E+19
Planet 772,81748,-87679,-47507,41067,8.25452E+19
Planet 773,96341,-45516,-30292,-26783,8.58025E+19
Planet 774,-14923,-34175,66702,-21417,4.91957E+19
Planet 775,-32289,45744,24210,-29184,4.43595E+19
Planet 776,97762,-12019,-90303,78975,3.97856E+19
Planet 777,70936,67304,17423,-44698,5.02974E+19
Planet 778,81944,-41718,-50659,6104,9.28808E+19
Planet 779,24246,-26483,-87767,-52838,4.23157E+19
Planet 780,-18753,52535,8903,2245,1.34063E+19
Planet 781,-7124,84471,-68199,-40785,8.93601E+19
Planet 782,-86233,-41876,-88964,-71559,1.34593E+19
Planet 783,-48456,91626,-58863,-14579,3.49158E+19
Planet 784,68010,-40712,6412,-8443,9.32812E+19
Planet 785,-45672,-59176,-25346,70127,2.59654E+19
Planet 786,79343,-46831,84891,-82228,3.08843E+19
Planet 787,69194,-13884,68787,-35974,5.93289E+19
Planet 788,-69117,78166,-96089,-24002,4.57214E+19
Planet 789,79782,-75907,15629,73707,8.65034E+19
Planet 790,-80695,64873,-64109,7645,2.03498E+19
Planet 791,54746,-50964,-14878,-85322,8.24653E+19
Planet 792,8989,24303,-55228,42659,8.35746E+19
Planet 793,-52506,9134,97248,62667,4.19942E+19
Planet 794,-3803,-37717,16509,51009,2.02562E+19
Planet 795,-52840,-72462,67023,63898,4.9516E+19
Planet 796,-5546,55364,-90671,-66018,3.1035E+19
Planet 797,-16852,-98825,67393,-73232,7.25706E+19
Planet 798,76392,61069,53505,-97284,8.3645E+19
Planet 799,74201,90519,73462,-26090,6.08989E+19
Planet 800,-72467,-3696,-63107,-26266,4.79155E+19
Planet 801,37265,72814,-774,79891,6.26057E+19
Planet 802,-32801,42127,-418,-82208,5.12405E+19
Planet 803,-86025,38172,-87994,60344,3.65465E+19
Planet 804,50428,79944,-30612,79010,9.95612E+19
Planet 805,88297,-42187,68741,74887,2.60447E+18
Planet 806,65444,-84747,52069,-37982,7.14907E+19
Planet 807,83288,-44100,-11598,-81557,2.33482E+19
Planet 808,-65913,98651,57782,-42554,6.26116E+19
Planet 809,13845,-25366,88639,-69018,6.7677E+19
Planet 810,-2718,89727,-87674,-53172,5.18961E+19
Planet 811,-17480,-57736,74227,-79172,5.37345E+19
Planet 812,41831,-64202,57346,31124,4.5472E+18
Planet 813,32475,45176,-18093,53218,4.6397E+19
Planet 814,-14267,-18924,-92286,-90319,7.96962E+19
Planet 815,-62658,-66937,37564,-84357,3.71679E+19
Planet 816,34515,93257,71536,-51921,9.43268E+19
Planet 817,61370,-22545,-1811,50682,3.71727E+19
Planet 818,-58777,-2989,79096,5932,4.97163E+19
Planet 819,-8615,-47088,-6851,-55963,8.22483E+19
Planet 820,10380,31317,-78221,37783,3.73933E+19
Planet 821,28774,57564,-63399,-13940,9.2836E+19
Planet 822,-58213,-62149,43964,-26548,4.65044E+18
Planet 823,82296,40956,70304,-84348,1.6435E+19
Planet 824,-91286,-94201,18829,3336,5.91947E+19
Planet 825,2768,-98745,-34729,-86571,6.89214E+17
Planet 826,6244,91804,-44857,83463,1.09386E+19
Planet 827,-28729,41386,75714,-62446,3.02773E+19
Planet 828,-65925,-29206,7134,29281,7.69071E+19
Planet 829,63305,-66952,58136,44756,4.1189E+19
Planet 830,44327,-56291,-18580,11263,6.42829E+19
Planet 831,96329,80279,70032,-21,2.72115E+18
Planet 832,72094,31217,-37825,75317,7.23431E+19
Planet 833,-1844,66596,67714,10311,2.91271E+19
Planet 834,7946,83175,12871,26089,8.88102E+19
Planet 835,37340,80503,-14467,72748,8.66089E+19
Planet 836,-30958,-23463,6106,-82395,8.63947E+19
Planet 837,63912,39201,-43100,-28046,4.50342E+19
Planet 838,-96117,-45573,-84361,14592,5.84112E+19
Planet 839,57090,-36635,82010,7111,1.04694E+19
Planet 840,24955,-96454,-10553,-3946,6.74474E+19
Planet 841,68863,-93030,-26939,-94340,8.55988E+19
Planet 842,-95233,46848,5570,-24642,2.96964E+18
Planet 843,-80431,91693,49510,-82212,3.34276E+19
Planet 844,44387,-23196,74907,-22941,5.89621E+19
Planet 845,27173,-15773,55722,27234,8.02866E+19
Planet 846,64100,-51067,21040,46323,5.36888E+18
Planet 847,20239,8863,-25827,-70419,8.2056E+19
Planet 848,99089,73666,-1908,-52596,4.90118E+19
Planet 849,-36864,8707,-51537,13842,4.06999E+17
Planet 850,71869,61229,-61469,-12866,9.06271E+19
Planet 851,72962,-4677,-98223,-72593,8.18555E+19
Planet 852,-63755,32037,56842,76047,9.16765E+18
Planet 853,24486,-91258,-53004,68240,7.03258E+19
Planet 854,-61422,-47052,88047,72090,4.29723E+19
Planet 855,27549,-5743,28138,78796,9.62993E+19
Planet 856,-11856,57844,22643,-59568,6.05651E+18
Planet 857,11472,-10810,40159,76480,1.00345E+19
Planet 858,-79265,-7358,-82697,-20980,2.53835E+18
Planet 859,93887,-55709,44051,-70236,3.32675E+18
Planet 860,-9329,79618,-12494,-87812,8.05765E+19
Planet 861,18634,36490,3589,69847,8.22917E+19
Planet 862,44548,24787,-80005,-58568,2.70954E+19
Planet 863,77218,59598,49070,86189,9.46488E+19
Planet 864,-28859,-48468,66885,88088,3.59302E+19
Planet 865,-11721,-53014,26195,83469,8.38065E+19
Planet 866,-21439,27489,-59422,44805,4.69237E+19
Planet 867,-26543,72247,-35137,91840,8.59891E+19
Planet 868,-6699,97661,19067,-29359,9.07772E+19
Planet 869,-52819,-24168,-54957,30229,5.44124E+19
Planet 870,92938,90234,-52384,3487,5.13304E+19
Planet 871,-49305,41764,-99309,22797,5.14371E+19
Planet 872,4413,-47374,17485,-75777,2.81682E+19
Planet 873,93006,-22912,44953,-45272,3.59178E+19
Planet 874,43600,-70482,2431,15139,8.50732E+19
Planet 875,30601,2976,73629,72230,6.96562E+19
Planet 876,94323,-72454,-69391,-38525,6.03774E+19
Planet 877,33250,1542,-14881,70415,4.75617E+19
Planet 878,4469,45424,-29400,-47312,5.59933E+19
Planet 879,-86157,-46184,-85329,17833,1.70073E+19
Planet 880,-87581,84486,-92526,-15171,3.89025E+18
Planet 881,43622,31622,28118,-36176,1.99869E+19
Planet 882,-18086,69191,68682,-67788,3.85603E+19
Planet 883,-59168,36937,88627,9997,3.05743E+19
Planet 884,33526,-95791,5717,-75703,6.06259E+19
Planet 885,-46220,20673,92275,96283,1.66923E+19
Planet 886,-71058,-23603,72258,82820,8.09955E+19
Planet 887,-26086,55227,35603,-24631,4.46165E+19
Planet 888,12903,-77897,73011,20947,4.3921E+19
Planet 889,-96802,-37749,41482,-28632,1.4793E+19
Planet 890,-30682,-50197,-7330,-25678,3.86089E+19
Planet 891,74280,44847,18032,-24240,8.23414E+19
Planet 892,70544,-70346,71820,-42062,8.29832E+19
Planet 893,83012,61790,39161,-74897,1.83754E+19
Planet 894,72917,69082,83752,60032,7.13997E+18
Planet 895,42775,48687,84226,-44430,9.21874E+18
Planet 896,29103,22406,-55269,78068,7.50016E+18
Planet 897,-35115,11022,82073,-93904,1.65967E+18
Planet 898,-44329,34184,97107,4601,8.29347E+19
Planet 899,32798,51989,-3187,-57035,1.5262E+19
Planet 900,803,-10137,47742,-49876,6.69697E+19
Planet 901,-68391,-93409,-12864,-98102,5.40887E+19
Planet 902,45746,-4559,14267,15642,5.88879E+19
Planet 903,37378,43714,5274,-34479,8.70896E+19
Planet 904,-67198,-36093,-55537,4499,2.69188E+18
Planet 905,76251,79119,22039,-92658,5.49053E+19
Planet 906,78793,44050,-98143,14063,6.40354E+19
Planet 907,-5473,-54880,32278,48987,7.31917E+19
Planet 908,48789,-6725,-74719,91767,8.36269E+17
Planet 909,-66572,-2901,25327,-66051,5.62707E+19
Planet 910,-59162,32207,42633,73054,9.60411E+19
Planet 911,64919,20972,67554,62700,6.24126E+19
Planet 912,-48980,-70311,64196,-82270,7.79504E+19
Planet 913,-82888,-11871,55653,-58885,1.94226E+19
Planet 914,-22542,23179,-82516,35192,3.02046E+19
Planet 915,-23592,38904,-55291,-5171,7.92218E+19
Planet 916,57057,-43409,-41768,55823,6.54003E+19
Planet 917,-72635,-54608,-83088,90013,7.21433E+18
Planet 918,95569,-37209,22054,-4103,8.89076E+19
Planet 919,-8227,56634,69994,23083,6.50992E+19
Planet 920,-12192,-35387,-65226,99218,4.26962E+18
Planet 921,68115,37588,41382,74499,9.76452E+19
Planet 922,-12935,80538,-65258,-9630,9.77842E+17
Planet 923,-64007,93026,-14939,-61206,5.13076E+19
Planet 924,-6308,-65347,-154,-16962,1.90247E+19
Planet 925,20164,3298,-37766,-63849,8.70885E+19
Planet 926,-62803,-86745,56821,63138,1.84591E+19
Planet 927,58747,-6662,-54425,-89473,6.21176E+19
Planet 928,43789,-2814,69473,34869,5.02019E+19
Planet 929,-50399,-11735,-98540,89726,9.38162E+19
Planet 930,-70584,-92473,54050,81275,7.00288E+19
Planet 931,24949,18502,-13523,-63828,2.78007E+19
Planet 932,13018,70998,-97491,-21906,1.31396E+19
Planet 933,36144,-823,84992,23079,6.9295E+19
Planet 934,-7238,-441,8866,-47658,2.43477E+19
Planet 935,33442,-27684,62536,-96589,9.47287E+19
Planet 936,34837,70915,21381,92716,8.72778E+19
Planet 937,-5934,-72907,98936,-57457,8.88061E+19
Planet 938,-70204,27916,-36127,-44777,8.99615E+19
Planet 939,-70207,73073,16727,-50292,2.33544E+19
Planet 940,26742,-16438,70920,98660,4.32399E+19
Planet 941,391,46143,-55626,-86887,2.30686E+19
Planet 942,-22362,79729,18299,-26107,7.44983E+19
Planet 943,-73942,90778,22265,92760,2.4393E+19
Planet 944,27164,5729,-2318,77903,8.83449E+19
Planet 945,-35757,-58151,75089,75059,2.04345E+19
Planet 946,-94128,-38562,-27811,28595,3.57749E+19
Planet 947,-70411,12983,82836,48048,8.76189E+19
Planet 948,-23996,-53118,96538,78313,9.36144E+17
Planet 949,3444,38257,87279,-38849,8.33252E+19
Planet 950,-18136,-98708,-46507,68224,4.26476E+19
Planet 951,-47987,-73723,-49236,32032,9.19087E+19
Planet 952,-6673,36467,4550,59833,2.90753E+19
Planet 953,-87559,-99094,73584,66604,3.40736E+19
Planet 954,-58998,39831,80044,72277,1.15533E+19
Planet 955,-2763,-29621,54943,-48695,6.96187E+19
Planet 956,17670,-93379,-73694,-18114,4.89607E+19
Planet 957,83185,79748,-75488,-47859,6.71323E+19
Planet 958,-33590,-12860,33628,-48994,2.32615E+19
Planet 959,-606,-72843,-92164,55454,7.97898E+19
Planet 960,55828,49778,-36919,10069,9.13083E+19
Planet 961,65442,-8502,-99264,34635,4.45041E+19
Planet 962,-58714,45258,54229,-85916,4.63955E+19
Planet 963,-31181,-7430,-40106,-28824,6.76099E+19
Planet 964,43296,-86393,-49953,14402,4.56801E+19
Planet 965,-3541,-74307,-80381,-40322,7.4904E+19
Planet 966,87483,-81323,-34935,55492,9.20101E+19
Planet 967,57459,-16004,-73014,-24309,5.17045E+19
Planet 968,81235,12282,-92769,-91161,1.96142E+19
Planet 969,-73475,47108,20157,38983,8.81431E+19
Planet 970,-56903,96541,-64839,-20789,8.26489E+19
Planet 971,77855,45165,-36950,55204,4.44285E+19
Planet 972,98609,11131,76696,-85363,2.61195E+19
Planet 973,-29750,89486,-83992,16826,3.71763E+19
Planet 974,6750,-92331,-89505,2044,7.19328E+19
Planet 975,64853,-20656,-23562,-40481,7.16931E+19
Planet 976,49049,35130,-40303,-51533,1.75017E+19
Planet 977,-20796,89524,26142,36087,8.86105E+19
Planet 978,32440,62903,2985,-59137,7.79782E+19
Planet 979,38518,-8281,-1075,13933,6.1943E+19
Planet 980,-92095,97481,52940,-525,4.74437E+19
Planet 981,59011,53996,-79982,-98075,8.44108E+19
Planet 982,64682,-77947,-3843,22576,3.49779E+19
Planet 983,-16564,10940,-78483,-43712,5.03214E+19
Planet 984,-37689,499,40146,73740,2.73214E+19
Planet 985,-46330,-6315,53138,-54512,3.86793E+19
Planet 986,-26385,-76702,69179,68798,6.85718E+19
Planet 987,-4171,-41292,-75830,-77980,2.66533E+19
Planet 988,-71728,68675,14437,-47466,1.06336E+19
Planet 989,41227,-33814,32079,-47201,9.4063E+19
Planet 990,-87019,-19879,-24947,-86879,4.71619E+19
Planet 991,-22380,-8783,-7644,-31538,6.99417E+19
Planet 992,62315,-85774,98899,-51071,6.57693E+19
Planet 993,-76278,92807,-78259,61422,6.16507E+19
Planet 994,24080,33681,-49663,32667,6.70135E+19
Planet 995,-45122,20388,68301,76347,6.39275E+19
Planet 996,96141,-83878,76520,28825,3.06949E+19
Planet 997,-54419,38063,-15548,-15785,6.53828E+19
Planet 998,94521,41604,-59737,-70303,7.36863E+19
Planet 999,3899,-44645,58822,19617,6.66562E+19
Planet 1000,83475,-72762,-78598,-43357,6.37495E+19
SimulationTime,5000,GravitationalConstant,6.6743,,